,RMSE,MAE,R2
train,6262.029975066299,1729.9159277247657,-15049253.865599953
val,6120.942968202828,1785.8266517743164,-13739731.849231955
test,6403.39451392088,1731.6375167786787,-15408799.00384851
